WoS Source UT,WoS Citing UT,WoS Times Cited
WOS:000361949000001,WOS:000836852400001,1
WOS:000361949000001,WOS:000820753600003,8
WOS:000361949000001,WOS:000766274700006,4
WOS:000361949000001,WOS:000764373500001,
WOS:000361949000001,WOS:000733838500015,5
WOS:000361949000001,WOS:000654080000001,1
WOS:000361949000001,WOS:000656059000001,3
WOS:000361949000001,WOS:000516756100001,7
WOS:000361949000001,WOS:000558810500001,1
WOS:000361949000001,WOS:000547292700001,2
WOS:000361949000001,WOS:000536253200006,6
WOS:000361949000001,WOS:000529980200001,9
WOS:000361949000001,WOS:000518165700012,3
WOS:000361949000001,WOS:000492002500001,6
WOS:000361949000001,WOS:000485751300004,7
WOS:000361949000001,WOS:000483415000014,8
WOS:000361949000001,WOS:000470867700002,6
WOS:000361949000001,WOS:000463070700002,18
WOS:000361949000001,WOS:000452470000004,4
WOS:000361949000001,WOS:000434112400014,8
WOS:000361949000001,WOS:000452701900019,3
WOS:000361949000001,WOS:000435054600008,12
WOS:000361949000001,WOS:000433381200009,12
WOS:000361949000001,WOS:000392438200008,14
WOS:000361949000001,WOS:000392438200006,7
WOS:000361949000001,WOS:000391612300169,26
WOS:000369635200017,WOS:000924511900002,
WOS:000369635200017,WOS:000898479100026,4
WOS:000369635200017,WOS:000867402300004,1
WOS:000369635200017,WOS:000836852400001,1
WOS:000369635200017,WOS:000805530700033,
WOS:000369635200017,WOS:000781700700001,
WOS:000369635200017,WOS:000766687600009,
WOS:000369635200017,WOS:000755152900025,
WOS:000369635200017,WOS:000732429100003,1
WOS:000369635200017,WOS:000728983400023,
WOS:000369635200017,WOS:000722032300001,
WOS:000369635200017,WOS:000722129900004,1
WOS:000369635200017,WOS:000696567800014,1
WOS:000369635200017,WOS:000664766500009,8
WOS:000369635200017,WOS:000657874800001,
WOS:000369635200017,WOS:000652197800001,
WOS:000369635200017,WOS:000636677000007,
WOS:000369635200017,WOS:000627262800015,3
WOS:000369635200017,WOS:000573895900012,10
WOS:000369635200017,WOS:000595906400001,
WOS:000369635200017,WOS:000581114600046,5
WOS:000369635200017,WOS:000586480800004,
WOS:000369635200017,WOS:000579894900012,4
WOS:000369635200017,WOS:000564151000006,1
WOS:000369635200017,WOS:000558637700012,3
WOS:000369635200017,WOS:000547292700001,2
WOS:000369635200017,WOS:000536775600003,1
WOS:000369635200017,WOS:000536253200006,6
WOS:000369635200017,WOS:000524507400003,4
WOS:000369635200017,WOS:000521961500003,1
WOS:000369635200017,WOS:000519576100001,3
WOS:000369635200017,WOS:000485001900010,7
WOS:000369635200017,WOS:000480788600003,3
WOS:000369635200017,WOS:000474304600030,15
WOS:000369635200017,WOS:000468153200013,
WOS:000369635200017,WOS:000467584100002,15
WOS:000369635200017,WOS:000466170000002,2
WOS:000369635200017,WOS:000461468300024,21
WOS:000369635200017,WOS:000454766200016,12
WOS:000369635200017,WOS:000452872200003,10
WOS:000369635200017,WOS:000453590600006,11
WOS:000369635200017,WOS:000446086400018,52
WOS:000369635200017,WOS:000447989500006,22
WOS:000369635200017,WOS:000442924700009,3
WOS:000369635200017,WOS:000441748300001,19
WOS:000369635200017,WOS:000438886000015,7
WOS:000369635200017,WOS:000437393100010,25
WOS:000369635200017,WOS:000436414100006,2
WOS:000369635200017,WOS:000435176700137,3
WOS:000369635200017,WOS:000439158800002,2
WOS:000369635200017,WOS:000434948300019,10
WOS:000369635200017,WOS:000432389900019,
WOS:000369635200017,WOS:000424088400006,4
WOS:000369635200017,WOS:000415870300023,5
WOS:000369635200017,WOS:000413092700016,6
WOS:000369635200017,WOS:000412175600045,2
WOS:000369635200017,WOS:000413307000009,5
WOS:000369635200017,WOS:000402715900028,24
WOS:000369635200017,WOS:000402491700040,7
WOS:000369635200017,WOS:000398091000006,36
WOS:000369635200017,WOS:000395452000005,9
WOS:000369635200017,WOS:000397166100007,4
WOS:000369635200017,WOS:000391303200087,4
WOS:000369635200017,WOS:000389561500006,58
WOS:000369635200017,WOS:000386564500025,5
WOS:000369635200017,WOS:000385940100015,
WOS:000369635200017,WOS:000379804800024,5
WOS:000369635200017,WOS:000378837000001,8
WOS:000369635200017,WOS:000372066100002,40
WOS:000369635200017,WOS:000369635200014,6
WOS:000426705100015,WOS:000926937800001,
WOS:000426705100015,WOS:000923488900001,
WOS:000426705100015,WOS:000912790400001,
WOS:000426705100015,WOS:000909479300001,
WOS:000426705100015,WOS:000902014700001,
WOS:000426705100015,WOS:000898419600001,
WOS:000426705100015,WOS:000903796400001,
WOS:000426705100015,WOS:000901813400001,
WOS:000426705100015,WOS:000902996500001,
WOS:000426705100015,WOS:000896129100001,1
WOS:000426705100015,WOS:000891998100001,
WOS:000426705100015,WOS:000890828100012,
WOS:000426705100015,WOS:000886628500027,
WOS:000426705100015,WOS:000886653200001,
WOS:000426705100015,WOS:000891767500003,
WOS:000426705100015,WOS:000886957500001,
WOS:000426705100015,WOS:000880422900005,
WOS:000426705100015,WOS:000877935700010,
WOS:000426705100015,WOS:000873604600001,
WOS:000426705100015,WOS:000873946500013,
WOS:000426705100015,WOS:000871428500001,
WOS:000426705100015,WOS:000863557600005,
WOS:000426705100015,WOS:000861726000005,
WOS:000426705100015,WOS:000860553500001,
WOS:000426705100015,WOS:000858988500001,
WOS:000426705100015,WOS:000854353000001,
WOS:000426705100015,WOS:000852865400017,
WOS:000426705100015,WOS:000852774200001,
WOS:000426705100015,WOS:000852468700001,1
WOS:000426705100015,WOS:000843536400001,
WOS:000426705100015,WOS:000839632300008,
WOS:000426705100015,WOS:000841435700001,1
WOS:000426705100015,WOS:000839635700006,2
WOS:000426705100015,WOS:000838514600001,
WOS:000426705100015,WOS:000838217100004,
WOS:000426705100015,WOS:000835808000001,1
WOS:000426705100015,WOS:000833545300030,1
WOS:000426705100015,WOS:000835521100002,
WOS:000426705100015,WOS:000831214700006,
WOS:000426705100015,WOS:000827582300007,
WOS:000426705100015,WOS:000823328000001,1
WOS:000426705100015,WOS:000818932100014,
WOS:000426705100015,WOS:000819276400001,
WOS:000426705100015,WOS:000813442100003,
WOS:000426705100015,WOS:000818048700001,2
WOS:000426705100015,WOS:000813798900001,1
WOS:000426705100015,WOS:000815468900001,
WOS:000426705100015,WOS:000813750100001,
WOS:000426705100015,WOS:000795077200020,
WOS:000426705100015,WOS:000800875200001,
WOS:000426705100015,WOS:000799460100001,
WOS:000426705100015,WOS:000797864100001,
WOS:000426705100015,WOS:000793675300018,18
WOS:000426705100015,WOS:000790338900001,4
WOS:000426705100015,WOS:000784781600001,13
WOS:000426705100015,WOS:000755144500029,45
WOS:000426705100015,WOS:000778606600014,1
WOS:000426705100015,WOS:000784228600007,1
WOS:000426705100015,WOS:000782623300012,1
WOS:000426705100015,WOS:000783381200002,1
WOS:000426705100015,WOS:000776720600001,2
WOS:000426705100015,WOS:000773615100012,
WOS:000426705100015,WOS:000770384200010,2
WOS:000426705100015,WOS:000770384200020,9
WOS:000426705100015,WOS:000771205500004,2
WOS:000426705100015,WOS:000769848700001,
WOS:000426705100015,WOS:000766570500007,
WOS:000426705100015,WOS:000760209700005,8
WOS:000426705100015,WOS:000760951000004,
WOS:000426705100015,WOS:000765309000021,63
WOS:000426705100015,WOS:000759692400001,1
WOS:000426705100015,WOS:000762506100001,1
WOS:000426705100015,WOS:000755175100036,1
WOS:000426705100015,WOS:000754618500017,2
WOS:000426705100015,WOS:000754618500011,
WOS:000426705100015,WOS:000755861500001,1
WOS:000426705100015,WOS:000758575200001,
WOS:000426705100015,WOS:000756232400009,1
WOS:000426705100015,WOS:000749839300009,2
WOS:000426705100015,WOS:000752128700001,
WOS:000426705100015,WOS:000748983300007,
WOS:000426705100015,WOS:000743612400022,1
WOS:000426705100015,WOS:000743612400024,
WOS:000426705100015,WOS:000734651600011,
WOS:000426705100015,WOS:000740758100001,1
WOS:000426705100015,WOS:000739799200024,3
WOS:000426705100015,WOS:000736266100001,11
WOS:000426705100015,WOS:000728887600004,10
WOS:000426705100015,WOS:000734028000001,6
WOS:000426705100015,WOS:000732927800005,16
WOS:000426705100015,WOS:000731609000008,1
WOS:000426705100015,WOS:000731609000005,6
WOS:000426705100015,WOS:000725694900008,
WOS:000426705100015,WOS:000729002000013,
WOS:000426705100015,WOS:000726651000008,2
WOS:000426705100015,WOS:000726809900005,2
WOS:000426705100015,WOS:000726737500003,2
WOS:000426705100015,WOS:000722615300001,2
WOS:000426705100015,WOS:000722372000001,7
WOS:000426705100015,WOS:000720504800008,1
WOS:000426705100015,WOS:000720316400001,2
WOS:000426705100015,WOS:000718150800001,
WOS:000426705100015,WOS:000715705900014,5
WOS:000426705100015,WOS:000709746800003,1
WOS:000426705100015,WOS:000716295500001,2
WOS:000426705100015,WOS:000711826100008,2
WOS:000426705100015,WOS:000709698000009,
WOS:000426705100015,WOS:000709732400011,35
WOS:000426705100015,WOS:000710763800001,
WOS:000426705100015,WOS:000707412900009,9
WOS:000426705100015,WOS:000707417300008,10
WOS:000426705100015,WOS:000706623700001,3
WOS:000426705100015,WOS:000705022800001,3
WOS:000426705100015,WOS:000705747800001,3
WOS:000426705100015,WOS:000704383600019,3
WOS:000426705100015,WOS:000703370200001,2
WOS:000426705100015,WOS:000702860000015,2
WOS:000426705100015,WOS:000698626100001,1
WOS:000426705100015,WOS:000697732300003,13
WOS:000426705100015,WOS:000696730400028,4
WOS:000426705100015,WOS:000693390200001,2
WOS:000426705100015,WOS:000689734900004,9
WOS:000426705100015,WOS:000688496500001,1
WOS:000426705100015,WOS:000688292100001,2
WOS:000426705100015,WOS:000687985000001,1
WOS:000426705100015,WOS:000685297500013,9
WOS:000426705100015,WOS:000686116400001,
WOS:000426705100015,WOS:000684345100002,
WOS:000426705100015,WOS:000683581100019,
WOS:000426705100015,WOS:000683772100004,14
WOS:000426705100015,WOS:000681136500001,3
WOS:000426705100015,WOS:000670889700009,7
WOS:000426705100015,WOS:000679356400001,2
WOS:000426705100015,WOS:000667119000006,2
WOS:000426705100015,WOS:000674553100001,
WOS:000426705100015,WOS:000673671700001,2
WOS:000426705100015,WOS:000669489300001,1
WOS:000426705100015,WOS:000668575600001,5
WOS:000426705100015,WOS:000665772900006,3
WOS:000426705100015,WOS:000667538900001,
WOS:000426705100015,WOS:000667240100010,10
WOS:000426705100015,WOS:000667314200004,2
WOS:000426705100015,WOS:000659921800050,18
WOS:000426705100015,WOS:000658839100011,9
WOS:000426705100015,WOS:000657046400001,1
WOS:000426705100015,WOS:000656633100011,2
WOS:000426705100015,WOS:000656786900001,1
WOS:000426705100015,WOS:000654861600001,
WOS:000426705100015,WOS:000647154500006,6
WOS:000426705100015,WOS:000641321500013,29
WOS:000426705100015,WOS:000650008300001,8
WOS:000426705100015,WOS:000647756500004,3
WOS:000426705100015,WOS:000645139100011,
WOS:000426705100015,WOS:000643527800012,11
WOS:000426705100015,WOS:000640570600001,1
WOS:000426705100015,WOS:000647615500003,1
WOS:000426705100015,WOS:000643160400001,
WOS:000426705100015,WOS:000637926300008,
WOS:000426705100015,WOS:000644152000001,
WOS:000426705100015,WOS:000638218000004,7
WOS:000426705100015,WOS:000637814400010,3
WOS:000426705100015,WOS:000631571600003,
WOS:000426705100015,WOS:000634770000005,2
WOS:000426705100015,WOS:000629015100035,
WOS:000426705100015,WOS:000628690200010,14
WOS:000426705100015,WOS:000632063100001,
WOS:000426705100015,WOS:000631396200001,
WOS:000426705100015,WOS:000631426300001,1
WOS:000426705100015,WOS:000628309200001,
WOS:000426705100015,WOS:000622346200002,
WOS:000426705100015,WOS:000623103300001,
WOS:000426705100015,WOS:000612807900018,
WOS:000426705100015,WOS:000618963500004,13
WOS:000426705100015,WOS:000619514100012,
WOS:000426705100015,WOS:000618895000012,1
WOS:000426705100015,WOS:000612804600007,5
WOS:000426705100015,WOS:000612804600008,4
WOS:000426705100015,WOS:000610050100038,7
WOS:000426705100015,WOS:000611088500057,5
WOS:000426705100015,WOS:000608443600042,2
WOS:000426705100015,WOS:000608443600043,4
WOS:000426705100015,WOS:000608452800007,1
WOS:000426705100015,WOS:000607460800008,
WOS:000426705100015,WOS:000608375000001,1
WOS:000426705100015,WOS:000607460800006,
WOS:000426705100015,WOS:000595600100006,14
WOS:000426705100015,WOS:000608123100001,6
WOS:000426705100015,WOS:000604731600020,2
WOS:000426705100015,WOS:000603564800001,8
WOS:000426705100015,WOS:000603063400001,9
WOS:000426705100015,WOS:000601207900002,1
WOS:000426705100015,WOS:000597972700008,
WOS:000426705100015,WOS:000600600000004,4
WOS:000426705100015,WOS:000593144400019,6
WOS:000426705100015,WOS:000594623900001,
WOS:000426705100015,WOS:000597645300001,1
WOS:000426705100015,WOS:000595284500001,19
WOS:000426705100015,WOS:000592282500002,3
WOS:000426705100015,WOS:000598529500015,12
WOS:000426705100015,WOS:000521333700007,16
WOS:000426705100015,WOS:000505384800003,2
WOS:000426705100015,WOS:000583267500011,4
WOS:000426705100015,WOS:000469228400001,8
WOS:000426705100015,WOS:000459952500019,
WOS:000426705100015,WOS:000452629400025,2
WOS:000426705100015,WOS:000590671800005,4
WOS:000426705100015,WOS:000593144100015,2
WOS:000426705100015,WOS:000593144100022,2
WOS:000426705100015,WOS:000593144100020,4
WOS:000426705100015,WOS:000593143900017,8
WOS:000426705100015,WOS:000591711900024,6
WOS:000426705100015,WOS:000595297300001,15
WOS:000426705100015,WOS:000591817300001,4
WOS:000426705100015,WOS:000588639500006,12
WOS:000426705100015,WOS:000588186500071,2
WOS:000426705100015,WOS:000582483300012,
WOS:000426705100015,WOS:000588490600010,4
WOS:000426705100015,WOS:000586348000003,9
WOS:000426705100015,WOS:000587101700001,19
WOS:000426705100015,WOS:000586322100002,9
WOS:000426705100015,WOS:000584968600015,1
WOS:000426705100015,WOS:000584968600014,6
WOS:000426705100015,WOS:000584943100001,105
WOS:000426705100015,WOS:000583925000001,5
WOS:000426705100015,WOS:000585554100001,2
WOS:000426705100015,WOS:000582403700012,5
WOS:000426705100015,WOS:000575420000013,2
WOS:000426705100015,WOS:000575740700001,1
WOS:000426705100015,WOS:000574871800013,
WOS:000426705100015,WOS:000574394600044,8
WOS:000426705100015,WOS:000571141700007,63
WOS:000426705100015,WOS:000571816100006,2
WOS:000426705100015,WOS:000571393000005,15
WOS:000426705100015,WOS:000571794200037,4
WOS:000426705100015,WOS:000570957500009,23
WOS:000426705100015,WOS:000570698000001,1
WOS:000426705100015,WOS:000569587900001,8
WOS:000426705100015,WOS:000565849600016,14
WOS:000426705100015,WOS:000567753900001,5
WOS:000426705100015,WOS:000566956800001,8
WOS:000426705100015,WOS:000566989900011,5
WOS:000426705100015,WOS:000565903600009,14
WOS:000426705100015,WOS:000565157400006,3
WOS:000426705100015,WOS:000564383400029,10
WOS:000426705100015,WOS:000565192900001,18
WOS:000426705100015,WOS:000564562200001,5
WOS:000426705100015,WOS:000563450000001,14
WOS:000426705100015,WOS:000562875500005,5
WOS:000426705100015,WOS:000562365100013,3
WOS:000426705100015,WOS:000563918200001,7
WOS:000426705100015,WOS:000561936800001,17
WOS:000426705100015,WOS:000561296300020,51
WOS:000426705100015,WOS:000560369900031,2
WOS:000426705100015,WOS:000559939900002,1
WOS:000426705100015,WOS:000559758300004,2
WOS:000426705100015,WOS:000558738300012,
WOS:000426705100015,WOS:000557538100004,4
WOS:000426705100015,WOS:000555570400006,1
WOS:000426705100015,WOS:000554905500014,2
WOS:000426705100015,WOS:000554458500015,1
WOS:000426705100015,WOS:000553726400003,14
WOS:000426705100015,WOS:000553144700001,14
WOS:000426705100015,WOS:000552256700001,3
WOS:000426705100015,WOS:000551133100007,25
WOS:000426705100015,WOS:000548298800009,4
WOS:000426705100015,WOS:000549283600001,24
WOS:000426705100015,WOS:000546338400005,11
WOS:000426705100015,WOS:000544932500035,12
WOS:000426705100015,WOS:000544195900007,9
WOS:000426705100015,WOS:000539503800002,
WOS:000426705100015,WOS:000562324300003,10
WOS:000426705100015,WOS:000542971600001,3
WOS:000426705100015,WOS:000542622800003,8
WOS:000426705100015,WOS:000541799400058,6
WOS:000426705100015,WOS:000540530700002,
WOS:000426705100015,WOS:000539257100021,8
WOS:000426705100015,WOS:000538083700003,2
WOS:000426705100015,WOS:000536469900011,24
WOS:000426705100015,WOS:000535296400011,6
WOS:000426705100015,WOS:000535233700039,4
WOS:000426705100015,WOS:000535307600024,8
WOS:000426705100015,WOS:000535412500010,18
WOS:000426705100015,WOS:000534327300004,7
WOS:000426705100015,WOS:000532378800001,7
WOS:000426705100015,WOS:000531816500023,20
WOS:000426705100015,WOS:000531226800001,14
WOS:000426705100015,WOS:000528248800002,14
WOS:000426705100015,WOS:000527278800159,3
WOS:000426705100015,WOS:000527917400016,1
WOS:000426705100015,WOS:000525802700037,
WOS:000426705100015,WOS:000525420400037,2
WOS:000426705100015,WOS:000524222400010,14
WOS:000426705100015,WOS:000524184300001,6
WOS:000426705100015,WOS:000522781300067,10
WOS:000426705100015,WOS:000522789100032,5
WOS:000426705100015,WOS:000520041000003,12
WOS:000426705100015,WOS:000518501100022,3
WOS:000426705100015,WOS:000518620500001,39
WOS:000426705100015,WOS:000518691400001,10
WOS:000426705100015,WOS:000519075300012,
WOS:000426705100015,WOS:000518220000009,1
WOS:000426705100015,WOS:000513972700016,4
WOS:000426705100015,WOS:000515112000010,2
WOS:000426705100015,WOS:000657175100003,
WOS:000426705100015,WOS:000645564300005,19
WOS:000426705100015,WOS:000510804600015,9
WOS:000426705100015,WOS:000513151100006,43
WOS:000426705100015,WOS:000511593200015,8
WOS:000426705100015,WOS:000512929000007,
WOS:000426705100015,WOS:000511865500018,7
WOS:000426705100015,WOS:000510826900030,
WOS:000426705100015,WOS:000511811300001,4
WOS:000426705100015,WOS:000511215300001,3
WOS:000426705100015,WOS:000510699200001,4
WOS:000426705100015,WOS:000509831700006,9
WOS:000426705100015,WOS:000507693100001,20
WOS:000426705100015,WOS:000505773800007,1
WOS:000426705100015,WOS:000505362100003,
WOS:000426705100015,WOS:000504765900011,1
WOS:000426705100015,WOS:000504557300001,24
WOS:000426705100015,WOS:000503079000002,7
WOS:000426705100015,WOS:000503160700002,7
WOS:000426705100015,WOS:000502881200003,166
WOS:000426705100015,WOS:000502884800044,7
WOS:000426705100015,WOS:000501792900011,33
WOS:000426705100015,WOS:000501467700008,6
WOS:000426705100015,WOS:000500212300001,1
WOS:000426705100015,WOS:000499731400005,9
WOS:000426705100015,WOS:000498871800021,5
WOS:000426705100015,WOS:000500791900009,5
WOS:000426705100015,WOS:000496120100014,7
WOS:000426705100015,WOS:000509671300006,
WOS:000426705100015,WOS:000501356100022,18
WOS:000426705100015,WOS:000494187200001,6
WOS:000426705100015,WOS:000491819400001,4
WOS:000426705100015,WOS:000490735900002,983
WOS:000426705100015,WOS:000490544000007,7
WOS:000426705100015,WOS:000489956100023,38
WOS:000426705100015,WOS:000490466000010,14
WOS:000426705100015,WOS:000489330700004,1
WOS:000426705100015,WOS:000489735400016,6
WOS:000426705100015,WOS:000489249000008,35
WOS:000426705100015,WOS:000488987300004,15
WOS:000426705100015,WOS:000488464400009,3
WOS:000426705100015,WOS:000488003400013,
WOS:000426705100015,WOS:000488011600004,2
WOS:000426705100015,WOS:000487972900012,
WOS:000426705100015,WOS:000472321300001,8
WOS:000426705100015,WOS:000485269700130,5
WOS:000426705100015,WOS:000486254400002,103
WOS:000426705100015,WOS:000889149200014,
WOS:000426705100015,WOS:000488003400005,1
WOS:000426705100015,WOS:000485039200005,6
WOS:000426705100015,WOS:000485451400001,11
WOS:000426705100015,WOS:000484881200003,2
WOS:000426705100015,WOS:000483539200029,14
WOS:000426705100015,WOS:000483684200002,11
WOS:000426705100015,WOS:000483684200001,16
WOS:000426705100015,WOS:000482925300014,13
WOS:000426705100015,WOS:000485415400008,4
WOS:000426705100015,WOS:000482944500002,
WOS:000426705100015,WOS:000485166900001,3
WOS:000426705100015,WOS:000481735700005,9
WOS:000426705100015,WOS:000480764500005,43
WOS:000426705100015,WOS:000480762400009,9
WOS:000426705100015,WOS:000480762400002,17
WOS:000426705100015,WOS:000616174500003,8
WOS:000426705100015,WOS:000483539200040,1
WOS:000426705100015,WOS:000483539200001,1
WOS:000426705100015,WOS:000480676200002,19
WOS:000426705100015,WOS:000480760500015,17
WOS:000426705100015,WOS:000480728000001,17
WOS:000426705100015,WOS:000480753200015,47
WOS:000426705100015,WOS:000480759700009,3
WOS:000426705100015,WOS:000479177500012,14
WOS:000426705100015,WOS:000478840000019,2
WOS:000426705100015,WOS:000475857100081,21
WOS:000426705100015,WOS:000476789800001,8
WOS:000426705100015,WOS:000476806200024,76
WOS:000426705100015,WOS:000479731700001,21
WOS:000426705100015,WOS:000475517300001,4
WOS:000426705100015,WOS:000475948700002,2
WOS:000426705100015,WOS:000475559500033,11
WOS:000426705100015,WOS:000476547800012,4
WOS:000426705100015,WOS:000474446100007,8
WOS:000426705100015,WOS:000474640900015,7
WOS:000426705100015,WOS:000474249100013,11
WOS:000426705100015,WOS:000474719700018,3
WOS:000426705100015,WOS:000474328500010,2
WOS:000426705100015,WOS:000473609500059,7
WOS:000426705100015,WOS:000473892300001,14
WOS:000426705100015,WOS:000473510800001,16
WOS:000426705100015,WOS:000472721200017,3
WOS:000426705100015,WOS:000472678800035,19
WOS:000426705100015,WOS:000472609400019,7
WOS:000426705100015,WOS:000693774800013,25
WOS:000426705100015,WOS:000482983000016,1
WOS:000426705100015,WOS:000484368300002,1
WOS:000426705100015,WOS:000476547800005,
WOS:000426705100015,WOS:000471826300018,84
WOS:000426705100015,WOS:000470805600014,
WOS:000426705100015,WOS:000470933900011,53
WOS:000426705100015,WOS:000468584700003,68
WOS:000426705100015,WOS:000467806400011,40
WOS:000426705100015,WOS:000467766000007,15
WOS:000426705100015,WOS:000466449300010,14
WOS:000426705100015,WOS:000468657900006,19
WOS:000426705100015,WOS:000670355200010,1
WOS:000426705100015,WOS:000537527100019,4
WOS:000426705100015,WOS:000470005600001,1
WOS:000426705100015,WOS:000466998600012,11
WOS:000426705100015,WOS:000466826800006,1
WOS:000426705100015,WOS:000466244500032,1282
WOS:000426705100015,WOS:000466135300003,
WOS:000426705100015,WOS:000465924300007,7
WOS:000426705100015,WOS:000465926700001,8
WOS:000426705100015,WOS:000465127900008,119
WOS:000426705100015,WOS:000541642000006,
WOS:000426705100015,WOS:000464940400032,186
WOS:000426705100015,WOS:000465591700006,
WOS:000426705100015,WOS:000464479000023,10
WOS:000426705100015,WOS:000464657100028,21
WOS:000426705100015,WOS:000464315900011,
WOS:000426705100015,WOS:000463370000014,53
WOS:000426705100015,WOS:000465499900007,
WOS:000426705100015,WOS:000462612400026,32
WOS:000426705100015,WOS:000462391500021,8
WOS:000426705100015,WOS:000462391500015,27
WOS:000426705100015,WOS:000463070700008,3
WOS:000426705100015,WOS:000461694100005,38
WOS:000426705100015,WOS:000460661000024,1
WOS:000426705100015,WOS:000459952500005,19
WOS:000426705100015,WOS:000459621700009,1
WOS:000426705100015,WOS:000459589800016,13
WOS:000426705100015,WOS:000459507200003,125
WOS:000426705100015,WOS:000461062400006,6
WOS:000426705100015,WOS:000459215800009,6
WOS:000426705100015,WOS:000458304400008,
WOS:000426705100015,WOS:000457875200001,10
WOS:000426705100015,WOS:000456356100024,98
WOS:000426705100015,WOS:000456261000009,7
WOS:000426705100015,WOS:000456310700002,13
WOS:000426705100015,WOS:000455793300008,7
WOS:000426705100015,WOS:000455485100018,16
WOS:000426705100015,WOS:000454951300006,12
WOS:000426705100015,WOS:000672553800064,3
WOS:000426705100015,WOS:000452647700035,11
WOS:000426705100015,WOS:000451640600003,9
WOS:000426705100015,WOS:000448819000062,13
WOS:000426705100015,WOS:000449215200019,25
WOS:000426705100015,WOS:000446453500013,42
WOS:000426705100015,WOS:000452403500008,8
WOS:000426705100015,WOS:000447873100023,13
WOS:000426705100015,WOS:000452629400024,54
WOS:000426705100015,WOS:000437222600010,126
WOS:000426705100015,WOS:000451227100021,29
WOS:000426705100015,WOS:000434242000011,7
WOS:000426705100015,WOS:000451242000002,15
WOS:000426705100015,WOS:000450483300002,
WOS:000426705100015,WOS:000452229700002,13
WOS:000426705100015,WOS:000448507600010,4
WOS:000426705100015,WOS:000448758300002,8
WOS:000426705100015,WOS:000448946600008,3
WOS:000426705100015,WOS:000448942300005,1
WOS:000426705100015,WOS:000447741000003,21
WOS:000426705100015,WOS:000446470800004,5
WOS:000426705100015,WOS:000446651800001,167
WOS:000426705100015,WOS:000445857100009,12
WOS:000426705100015,WOS:000446042400014,14
WOS:000426705100015,WOS:000444276400006,12
WOS:000426705100015,WOS:000444276400004,26
WOS:000426705100015,WOS:000444365800014,11
WOS:000426705100015,WOS:000443782600008,
WOS:000426705100015,WOS:000443604300010,2
WOS:000426705100015,WOS:000456315100009,3
WOS:000426705100015,WOS:000451226000005,23
WOS:000426705100015,WOS:000441864900004,
WOS:000426705100015,WOS:000442398600001,2
WOS:000426705100015,WOS:000441107400025,1
WOS:000426705100015,WOS:000441107400026,2
WOS:000426705100015,WOS:000441107400023,2
WOS:000426705100015,WOS:000440885700017,86
WOS:000426705100015,WOS:000441107400024,1
WOS:000426705100015,WOS:000437348500001,63
WOS:000426705100015,WOS:000435191300010,
WOS:000426705100015,WOS:000437222600004,3
WOS:000426705100015,WOS:000433336600005,
WOS:000426705100015,WOS:000452640700026,10
WOS:000426705100015,WOS:000434669200006,
WOS:000426705100015,WOS:000433055200003,18
WOS:000426705100015,WOS:000432942700141,
WOS:000426705100015,WOS:000429765400001,6
WOS:000426705100015,WOS:000427916100002,2
WOS:000426705100015,WOS:000447620800002,3
WOS:000426705100015,WOS:000442622800001,2
WOS:000575124400003,WOS:000925653100020,
WOS:000575124400003,WOS:000918580500001,
WOS:000575124400003,WOS:000915990900001,
WOS:000575124400003,WOS:000904628000012,3
WOS:000575124400003,WOS:000896442900013,1
WOS:000575124400003,WOS:000904619700011,3
WOS:000575124400003,WOS:000901541800001,
WOS:000575124400003,WOS:000898720500006,
WOS:000575124400003,WOS:000898606500013,1
WOS:000575124400003,WOS:000898300800001,
WOS:000575124400003,WOS:000896094900001,
WOS:000575124400003,WOS:000882193800001,1
WOS:000575124400003,WOS:000878763700001,
WOS:000575124400003,WOS:000863755100024,
WOS:000575124400003,WOS:000863042500003,
WOS:000575124400003,WOS:000857919600012,1
WOS:000575124400003,WOS:000844738900018,1
WOS:000575124400003,WOS:000850900100003,
WOS:000575124400003,WOS:000848658800005,2
WOS:000575124400003,WOS:000844856000001,
WOS:000575124400003,WOS:000843209800001,
WOS:000575124400003,WOS:000835290900023,
WOS:000575124400003,WOS:000836038800020,13
WOS:000575124400003,WOS:000836162100001,
WOS:000575124400003,WOS:000836607900004,
WOS:000575124400003,WOS:000830507500004,
WOS:000575124400003,WOS:000832042300001,1
WOS:000575124400003,WOS:000828206100001,2
WOS:000575124400003,WOS:000823395500018,2
WOS:000575124400003,WOS:000826878300001,1
WOS:000575124400003,WOS:000823301400011,2
WOS:000575124400003,WOS:000823727600001,3
WOS:000575124400003,WOS:000819873600009,6
WOS:000575124400003,WOS:000820904200001,4
WOS:000575124400003,WOS:000820338500012,8
WOS:000575124400003,WOS:000817723000004,
WOS:000575124400003,WOS:000816109100001,2
WOS:000575124400003,WOS:000810544800003,1
WOS:000575124400003,WOS:000810897500002,4
WOS:000575124400003,WOS:000814350100001,
WOS:000575124400003,WOS:000812519800004,4
WOS:000575124400003,WOS:000811052000002,1
WOS:000575124400003,WOS:000808347600001,2
WOS:000575124400003,WOS:000798364100013,
WOS:000575124400003,WOS:000799519800001,1
WOS:000575124400003,WOS:000797147300005,
WOS:000575124400003,WOS:000794874800001,
WOS:000575124400003,WOS:000789464700009,24
WOS:000575124400003,WOS:000793191200004,
WOS:000575124400003,WOS:000791506000001,1
WOS:000575124400003,WOS:000791048300001,11
WOS:000575124400003,WOS:000744962900019,
WOS:000575124400003,WOS:000778807500001,
WOS:000575124400003,WOS:000780361600001,2
WOS:000575124400003,WOS:000778006900001,
WOS:000575124400003,WOS:000720749600091,14
WOS:000575124400003,WOS:000769158400003,
WOS:000575124400003,WOS:000767244000001,1
WOS:000575124400003,WOS:000769117400001,1
WOS:000575124400003,WOS:000764099500001,
WOS:000575124400003,WOS:000735309500164,29
WOS:000575124400003,WOS:000755002800007,1
WOS:000575124400003,WOS:000743139000022,2
WOS:000575124400003,WOS:000755762900014,5
WOS:000575124400003,WOS:000749604400061,2
WOS:000575124400003,WOS:000749984400002,6
WOS:000575124400003,WOS:000750504800002,2
WOS:000575124400003,WOS:000744156200002,1
WOS:000575124400003,WOS:000685248200051,2
WOS:000575124400003,WOS:000686111200024,6
WOS:000575124400003,WOS:000748940400032,5
WOS:000575124400003,WOS:000740510500125,6
WOS:000575124400003,WOS:000746438400004,13
WOS:000575124400003,WOS:000744511600001,3
WOS:000575124400003,WOS:000741311200001,
WOS:000575124400003,WOS:000737711500001,
WOS:000575124400003,WOS:000735207100017,1
WOS:000575124400003,WOS:000729234900013,1
WOS:000575124400003,WOS:000733845200012,28
WOS:000575124400003,WOS:000727351300001,
WOS:000575124400003,WOS:000725037900001,2
WOS:000575124400003,WOS:000722475000002,5
WOS:000575124400003,WOS:000722207600003,42
WOS:000575124400003,WOS:000673058300001,45
WOS:000575124400003,WOS:000720725000010,
WOS:000575124400003,WOS:000720436900005,3
WOS:000575124400003,WOS:000717729000006,111
WOS:000575124400003,WOS:000718019600001,2
WOS:000575124400003,WOS:000712270900008,6
WOS:000575124400003,WOS:000716472500001,12
WOS:000575124400003,WOS:000716623800001,1
WOS:000575124400003,WOS:000715250100003,5
WOS:000575124400003,WOS:000712305600006,1
WOS:000575124400003,WOS:000710881700001,
WOS:000575124400003,WOS:000707112500016,44
WOS:000575124400003,WOS:000708077300002,46
WOS:000575124400003,WOS:000705857500012,3
WOS:000575124400003,WOS:000704860300005,22
WOS:000575124400003,WOS:000703621500002,3
WOS:000575124400003,WOS:000702641900006,
WOS:000575124400003,WOS:000703091100028,19
WOS:000575124400003,WOS:000701895500039,2
WOS:000575124400003,WOS:000698627000012,5
WOS:000575124400003,WOS:000697111600003,14
WOS:000575124400003,WOS:000698426900001,13
WOS:000575124400003,WOS:000697848000001,1
WOS:000575124400003,WOS:000692157500015,57
WOS:000575124400003,WOS:000696265900006,3
WOS:000575124400003,WOS:000695508800001,
WOS:000575124400003,WOS:000693837600001,9
WOS:000575124400003,WOS:000691676600010,2
WOS:000575124400003,WOS:000691236300008,3
WOS:000575124400003,WOS:000689590500001,1
WOS:000575124400003,WOS:000904617400003,8
WOS:000575124400003,WOS:000687294200001,3
WOS:000575124400003,WOS:000685209200026,2
WOS:000575124400003,WOS:000677379400001,19
WOS:000575124400003,WOS:000678448300001,
WOS:000575124400003,WOS:000672154900004,60
WOS:000575124400003,WOS:000671791200009,2
WOS:000575124400003,WOS:000669494300001,
WOS:000575124400003,WOS:000663719900017,9
WOS:000575124400003,WOS:000666747100006,32
WOS:000575124400003,WOS:000667592700002,4
WOS:000575124400003,WOS:000661324500008,2
WOS:000575124400003,WOS:000661966700005,11
WOS:000575124400003,WOS:000659036400003,5
WOS:000575124400003,WOS:000660072900001,1
WOS:000575124400003,WOS:000659963300001,5
WOS:000575124400003,WOS:000658736700011,11
WOS:000575124400003,WOS:000660198600004,10
WOS:000575124400003,WOS:000653046300001,3
WOS:000575124400003,WOS:000656475100002,11
WOS:000575124400003,WOS:000647813600026,149
WOS:000575124400003,WOS:000652192000001,2
WOS:000575124400003,WOS:000646765900013,2
WOS:000575124400003,WOS:000639017600045,4
WOS:000575124400003,WOS:000641246000001,4
WOS:000575124400003,WOS:000647827000003,7
WOS:000575124400003,WOS:000638979300001,14
WOS:000575124400003,WOS:000638288200008,16
WOS:000575124400003,WOS:000635258700001,
WOS:000575124400003,WOS:000626342600002,6
WOS:000575124400003,WOS:000627499000012,18
WOS:000575124400003,WOS:000629810200001,23
WOS:000575124400003,WOS:000626361900001,27
WOS:000575124400003,WOS:000625491800005,2
WOS:000575124400003,WOS:000627897500001,47
WOS:000575124400003,WOS:000621657700027,6
WOS:000575124400003,WOS:000615122400020,18
WOS:000575124400003,WOS:000621430900001,20
WOS:000575124400003,WOS:000614609300017,25
WOS:000575124400003,WOS:000611241800001,15
WOS:000575124400003,WOS:000608272400001,1
WOS:000575124400003,WOS:000595838000001,64
WOS:000575124400003,WOS:000582328600005,73
WOS:000419959800012,WOS:000919589300003,
WOS:000419959800012,WOS:000920104000001,
WOS:000419959800012,WOS:000909309800029,1
WOS:000419959800012,WOS:000892912400010,
WOS:000419959800012,WOS:000892432700003,
WOS:000419959800012,WOS:000894137900001,4
WOS:000419959800012,WOS:000890256700016,
WOS:000419959800012,WOS:000891721400001,
WOS:000419959800012,WOS:000889428300011,
WOS:000419959800012,WOS:000888337800010,2
WOS:000419959800012,WOS:000886205000003,
WOS:000419959800012,WOS:000888085100001,
WOS:000419959800012,WOS:000886515700017,1
WOS:000419959800012,WOS:000885572000001,
WOS:000419959800012,WOS:000878918400001,
WOS:000419959800012,WOS:000869726600007,
WOS:000419959800012,WOS:000869430400001,1
WOS:000419959800012,WOS:000862212800001,
WOS:000419959800012,WOS:000859996800018,
WOS:000419959800012,WOS:000847638700001,1
WOS:000419959800012,WOS:000847255300001,
WOS:000419959800012,WOS:000846852800001,
WOS:000419959800012,WOS:000842617800001,3
WOS:000419959800012,WOS:000837793300016,
WOS:000419959800012,WOS:000837630500001,
WOS:000419959800012,WOS:000835491700002,
WOS:000419959800012,WOS:000701498800001,1
WOS:000419959800012,WOS:000832498000001,
WOS:000419959800012,WOS:000829224200003,
WOS:000419959800012,WOS:000829224200002,
WOS:000419959800012,WOS:000827449500004,2
WOS:000419959800012,WOS:000828164200001,
WOS:000419959800012,WOS:000823209300015,2
WOS:000419959800012,WOS:000822561500025,2
WOS:000419959800012,WOS:000822555800005,1
WOS:000419959800012,WOS:000820119400031,1
WOS:000419959800012,WOS:000809441100098,1
WOS:000419959800012,WOS:000818990100015,1
WOS:000419959800012,WOS:000809696400026,
WOS:000419959800012,WOS:000809538500001,2
WOS:000419959800012,WOS:000807085200004,1
WOS:000419959800012,WOS:000807085200005,1
WOS:000419959800012,WOS:000805556500001,
WOS:000419959800012,WOS:000807278900001,
WOS:000419959800012,WOS:000795708000005,12
WOS:000419959800012,WOS:000800403900001,
WOS:000419959800012,WOS:000799411000001,
WOS:000419959800012,WOS:000797152800001,
WOS:000419959800012,WOS:000781886800001,
WOS:000419959800012,WOS:000792880400001,3
WOS:000419959800012,WOS:000792074200001,1
WOS:000419959800012,WOS:000777259700013,1
WOS:000419959800012,WOS:000779305300010,1
WOS:000419959800012,WOS:000780815100002,1
WOS:000419959800012,WOS:000780723500001,2
WOS:000419959800012,WOS:000780149300001,2
WOS:000419959800012,WOS:000776894100001,
WOS:000419959800012,WOS:000775503800017,
WOS:000419959800012,WOS:000771816000001,6
WOS:000419959800012,WOS:000769860400001,1
WOS:000419959800012,WOS:000768424100002,1
WOS:000419959800012,WOS:000770421900009,8
WOS:000419959800012,WOS:000766512300001,
WOS:000419959800012,WOS:000767434800001,
WOS:000419959800012,WOS:000765006800002,
WOS:000419959800012,WOS:000760333800006,13
WOS:000419959800012,WOS:000767124800001,1
WOS:000419959800012,WOS:000763016000001,1
WOS:000419959800012,WOS:000760061700001,
WOS:000419959800012,WOS:000757641900001,
WOS:000419959800012,WOS:000754897600008,7
WOS:000419959800012,WOS:000752564100003,24
WOS:000419959800012,WOS:000753175900001,
WOS:000419959800012,WOS:000742403300015,3
WOS:000419959800012,WOS:000750653000001,4
WOS:000419959800012,WOS:000749207600001,
WOS:000419959800012,WOS:000744324400001,8
WOS:000419959800012,WOS:000746183500001,4
WOS:000419959800012,WOS:000745746700001,
WOS:000419959800012,WOS:000741565900004,
WOS:000419959800012,WOS:000737308200015,2
WOS:000419959800012,WOS:000734935600011,
WOS:000419959800012,WOS:000734096100001,2
WOS:000419959800012,WOS:000732579900001,
WOS:000419959800012,WOS:000729151200008,2
WOS:000419959800012,WOS:000730092600001,1
WOS:000419959800012,WOS:000723869600006,1
WOS:000419959800012,WOS:000725770600007,9
WOS:000419959800012,WOS:000725070900001,
WOS:000419959800012,WOS:000725679200012,3
WOS:000419959800012,WOS:000723582100002,1
WOS:000419959800012,WOS:000719565900005,3
WOS:000419959800012,WOS:000719272500039,
WOS:000419959800012,WOS:000712459300014,
WOS:000419959800012,WOS:000718374600003,5
WOS:000419959800012,WOS:000709746800009,8
WOS:000419959800012,WOS:000715097800011,4
WOS:000419959800012,WOS:000714698800003,1
WOS:000419959800012,WOS:000711788900001,4
WOS:000419959800012,WOS:000708440500025,5
WOS:000419959800012,WOS:000710979700001,
WOS:000419959800012,WOS:000707452100004,1
WOS:000419959800012,WOS:000708507500003,2
WOS:000419959800012,WOS:000708244100001,
WOS:000419959800012,WOS:000704354000006,1
WOS:000419959800012,WOS:000702866500004,
WOS:000419959800012,WOS:000697738200001,
WOS:000419959800012,WOS:000690556700001,5
WOS:000419959800012,WOS:000689613300001,
WOS:000419959800012,WOS:000685320700001,
WOS:000419959800012,WOS:000680403400006,1
WOS:000419959800012,WOS:000684821100001,3
WOS:000419959800012,WOS:000682948500007,4
WOS:000419959800012,WOS:000683571800019,
WOS:000419959800012,WOS:000681636400001,5
WOS:000419959800012,WOS:000669506100013,8
WOS:000419959800012,WOS:000674466600021,3
WOS:000419959800012,WOS:000674466600020,8
WOS:000419959800012,WOS:000674466600010,17
WOS:000419959800012,WOS:000675131700001,
WOS:000419959800012,WOS:000672000000009,1
WOS:000419959800012,WOS:000665574000008,
WOS:000419959800012,WOS:000672561700012,3
WOS:000419959800012,WOS:000668981400003,
WOS:000419959800012,WOS:000669374500018,4
WOS:000419959800012,WOS:000669134100001,3
WOS:000419959800012,WOS:000668852200001,15
WOS:000419959800012,WOS:000663332600006,2
WOS:000419959800012,WOS:000667738700007,2
WOS:000419959800012,WOS:000662235200004,9
WOS:000419959800012,WOS:000646741100007,10
WOS:000419959800012,WOS:000646741100013,21
WOS:000419959800012,WOS:000647143600008,6
WOS:000419959800012,WOS:000646354900001,3
WOS:000419959800012,WOS:000642406300001,28
WOS:000419959800012,WOS:000639188200046,4
WOS:000419959800012,WOS:000647827100007,7
WOS:000419959800012,WOS:000642340100008,66
WOS:000419959800012,WOS:000638529600001,11
WOS:000419959800012,WOS:000637338100013,
WOS:000419959800012,WOS:000641118300001,1
WOS:000419959800012,WOS:000635565100008,2
WOS:000419959800012,WOS:000634555300017,2
WOS:000419959800012,WOS:000636180900004,2
WOS:000419959800012,WOS:000627866800001,7
WOS:000419959800012,WOS:000630154700006,13
WOS:000419959800012,WOS:000629122700003,
WOS:000419959800012,WOS:000630110800001,3
WOS:000419959800012,WOS:000632158100001,1
WOS:000419959800012,WOS:000630627800001,2
WOS:000419959800012,WOS:000631444000001,4
WOS:000419959800012,WOS:000630467900006,10
WOS:000419959800012,WOS:000628252400001,5
WOS:000419959800012,WOS:000627348000001,
WOS:000419959800012,WOS:000623777700001,3
WOS:000419959800012,WOS:000612286000016,6
WOS:000419959800012,WOS:000612549900020,3
WOS:000419959800012,WOS:000612275500012,3
WOS:000419959800012,WOS:000612275500025,8
WOS:000419959800012,WOS:000612275500009,4
WOS:000419959800012,WOS:000619442100038,7
WOS:000419959800012,WOS:000618808500005,
WOS:000419959800012,WOS:000616148300003,19
WOS:000419959800012,WOS:000611315900001,3
WOS:000419959800012,WOS:000606284100001,25
WOS:000419959800012,WOS:000607027600006,1
WOS:000419959800012,WOS:000606482100001,22
WOS:000419959800012,WOS:000605378900001,
WOS:000419959800012,WOS:000603390200001,3
WOS:000419959800012,WOS:000600694200006,7
WOS:000419959800012,WOS:000600600000011,2
WOS:000419959800012,WOS:000561259100001,36
WOS:000419959800012,WOS:000559467000001,8
WOS:000419959800012,WOS:000533352800001,
WOS:000419959800012,WOS:000512049000005,3
WOS:000419959800012,WOS:000454020900010,6
WOS:000419959800012,WOS:000597060000001,5
WOS:000419959800012,WOS:000592128200006,6
WOS:000419959800012,WOS:000596731500003,10
WOS:000419959800012,WOS:000592602400001,
WOS:000419959800012,WOS:000593569000001,3
WOS:000419959800012,WOS:000588775200030,
WOS:000419959800012,WOS:000580051200038,2
WOS:000419959800012,WOS:000583221900038,9
WOS:000419959800012,WOS:000584585500017,5
WOS:000419959800012,WOS:000580997100017,7
WOS:000419959800012,WOS:000580216900001,2
WOS:000419959800012,WOS:000576276400001,10
WOS:000419959800012,WOS:000574391700003,68
WOS:000419959800012,WOS:000573607200007,1
WOS:000419959800012,WOS:000577131600010,22
WOS:000419959800012,WOS:000569215300023,9
WOS:000419959800012,WOS:000564285600003,18
WOS:000419959800012,WOS:000561264100008,29
WOS:000419959800012,WOS:000559668700001,4
WOS:000419959800012,WOS:000558768100025,11
WOS:000419959800012,WOS:000557595300001,4
WOS:000419959800012,WOS:000555469400006,12
WOS:000419959800012,WOS:000550247200004,2
WOS:000419959800012,WOS:000546313200010,20
WOS:000419959800012,WOS:000545082100001,16
WOS:000419959800012,WOS:000542741100001,2
WOS:000419959800012,WOS:000541142000011,22
WOS:000419959800012,WOS:000540448800036,1
WOS:000419959800012,WOS:000540366100002,8
WOS:000419959800012,WOS:000539099900011,59
WOS:000419959800012,WOS:000538509000001,5
WOS:000419959800012,WOS:000537859600007,15
WOS:000419959800012,WOS:000534271500009,3
WOS:000419959800012,WOS:000530579700009,5
WOS:000419959800012,WOS:000528204800012,7
WOS:000419959800012,WOS:000527837000002,8
WOS:000419959800012,WOS:000527917700015,17
WOS:000419959800012,WOS:000527917700042,4
WOS:000419959800012,WOS:000526801300001,37
WOS:000419959800012,WOS:000526651800003,60
WOS:000419959800012,WOS:000521571800003,8
WOS:000419959800012,WOS:000521593400004,10
WOS:000419959800012,WOS:000521268800001,11
WOS:000419959800012,WOS:000520599500015,21
WOS:000419959800012,WOS:000519758100011,34
WOS:000419959800012,WOS:000523923400001,5
WOS:000419959800012,WOS:000512455500027,3
WOS:000419959800012,WOS:000507376100018,26
WOS:000419959800012,WOS:000505188200014,22
WOS:000419959800012,WOS:000504224100001,17
WOS:000419959800012,WOS:000505646000001,2
WOS:000419959800012,WOS:000828691000028,2
WOS:000419959800012,WOS:000501392200081,69
WOS:000419959800012,WOS:000501226200001,5
WOS:000419959800012,WOS:000500791900024,25
WOS:000419959800012,WOS:000500423100001,
WOS:000419959800012,WOS:000498326200001,2
WOS:000419959800012,WOS:000497991500027,11
WOS:000419959800012,WOS:000497909400007,91
WOS:000419959800012,WOS:000501997200001,
WOS:000419959800012,WOS:000497222400001,11
WOS:000419959800012,WOS:000494897400001,2
WOS:000419959800012,WOS:000489314800014,5
WOS:000419959800012,WOS:000493399500028,138
WOS:000419959800012,WOS:000491702000001,24
WOS:000419959800012,WOS:000488978200003,40
WOS:000419959800012,WOS:000488330800001,6
WOS:000419959800012,WOS:000488322900022,1
WOS:000419959800012,WOS:000488003400003,7
WOS:000419959800012,WOS:000486388900006,2
WOS:000419959800012,WOS:000486960700001,10
WOS:000419959800012,WOS:000486091600033,7
WOS:000419959800012,WOS:000486011100011,6
WOS:000419959800012,WOS:000488401600001,27
WOS:000419959800012,WOS:000485031400001,26
WOS:000419959800012,WOS:000483753900026,104
WOS:000419959800012,WOS:000483740400001,40
WOS:000419959800012,WOS:000483911400003,7
WOS:000419959800012,WOS:000483416600005,4
WOS:000419959800012,WOS:000483072300001,11
WOS:000419959800012,WOS:000482544600005,10
WOS:000419959800012,WOS:000486144000022,2
WOS:000419959800012,WOS:000480219300001,6
WOS:000419959800012,WOS:000477073100008,
WOS:000419959800012,WOS:000475495900001,21
WOS:000419959800012,WOS:000472785700001,21
WOS:000419959800012,WOS:000472703300022,18
WOS:000419959800012,WOS:000472064800005,14
WOS:000419959800012,WOS:000472250900001,13
WOS:000419959800012,WOS:000472548400001,4
WOS:000419959800012,WOS:000518529900006,2
WOS:000419959800012,WOS:000470946100008,7
WOS:000419959800012,WOS:000469962800010,23
WOS:000419959800012,WOS:000469156600035,28
WOS:000419959800012,WOS:000468014300052,4
WOS:000419959800012,WOS:000468087100004,53
WOS:000419959800012,WOS:000467784000013,2
WOS:000419959800012,WOS:000467577800011,
WOS:000419959800012,WOS:000645469200046,20
WOS:000419959800012,WOS:000465303500004,41
WOS:000419959800012,WOS:000464479000022,22
WOS:000419959800012,WOS:000462868100002,17
WOS:000419959800012,WOS:000461407900012,7
WOS:000419959800012,WOS:000460661000017,31
WOS:000419959800012,WOS:000460418300006,1
WOS:000419959800012,WOS:000459999500006,54
WOS:000419959800012,WOS:000460953400013,9
WOS:000419959800012,WOS:000459259300001,3
WOS:000419959800012,WOS:000456356100058,9
WOS:000419959800012,WOS:000461293400014,16
WOS:000419959800012,WOS:000456001600001,4
WOS:000419959800012,WOS:000454162100002,4
WOS:000419959800012,WOS:000452792200001,3
WOS:000419959800012,WOS:000449973800001,122
WOS:000419959800012,WOS:000452919800004,10
WOS:000419959800012,WOS:000443385100007,84
WOS:000419959800012,WOS:000429133800006,668
WOS:000419959800012,WOS:000449516700003,94
WOS:000419959800012,WOS:000458679700003,10
WOS:000419959800012,WOS:000446486700001,43
WOS:000419959800012,WOS:000446816000008,4
WOS:000419959800012,WOS:000445693000004,5
WOS:000419959800012,WOS:000445169200027,12
WOS:000419959800012,WOS:000442642300006,30
WOS:000419959800012,WOS:000446646600002,1
WOS:000419959800012,WOS:000441280500031,18
WOS:000419959800012,WOS:000438620000004,12
WOS:000419959800012,WOS:000435473100013,63
WOS:000419959800012,WOS:000434302800008,5
WOS:000419959800012,WOS:000434302800006,1
WOS:000419959800012,WOS:000431958200007,102
WOS:000419959800012,WOS:000425108500005,8
WOS:000419959800012,WOS:000616128300020,74
WOS:000419959800012,WOS:000616128300009,45
WOS:000419959800012,WOS:000419959800001,5
WOS:000828206100001,WOS:000896807700001,
WOS:000828206100001,WOS:000856267500001,
WOS:000652171800001,WOS:000768447300015,55
WOS:000652171800001,WOS:000920725300001,
WOS:000652171800001,WOS:000929193500001,
WOS:000652171800001,WOS:000922293700008,
WOS:000652171800001,WOS:000920648800015,
WOS:000652171800001,WOS:000906986000013,
WOS:000652171800001,WOS:000923745200001,
WOS:000652171800001,WOS:000919809600013,2
WOS:000652171800001,WOS:000917096300028,
WOS:000652171800001,WOS:000919726900002,
WOS:000652171800001,WOS:000921909900001,
WOS:000652171800001,WOS:000922263400001,
WOS:000652171800001,WOS:000923720000001,
WOS:000652171800001,WOS:000920258800004,
WOS:000652171800001,WOS:000919724300001,
WOS:000652171800001,WOS:000915316800002,
WOS:000652171800001,WOS:000914162900009,7
WOS:000652171800001,WOS:000916316800001,
WOS:000652171800001,WOS:000915789000019,3
WOS:000652171800001,WOS:000904992800001,
WOS:000652171800001,WOS:000905519000008,
WOS:000652171800001,WOS:000916884200001,
WOS:000652171800001,WOS:000914007700001,
WOS:000652171800001,WOS:000910888200003,
WOS:000652171800001,WOS:000898807700006,
WOS:000652171800001,WOS:000892100100089,1
WOS:000652171800001,WOS:000907881400001,
WOS:000652171800001,WOS:000906353200001,
WOS:000652171800001,WOS:000892255200043,
WOS:000652171800001,WOS:000905304600004,2
WOS:000652171800001,WOS:000905494000003,
WOS:000652171800001,WOS:000901049200001,
WOS:000652171800001,WOS:000906106500001,
WOS:000652171800001,WOS:000898579300001,
WOS:000652171800001,WOS:000904549200003,
WOS:000652171800001,WOS:000898568400032,2
WOS:000652171800001,WOS:000899819000001,3
WOS:000652171800001,WOS:000904900300001,
WOS:000652171800001,WOS:000876491300011,14
WOS:000652171800001,WOS:000898771900006,1
WOS:000652171800001,WOS:000902488400001,
WOS:000652171800001,WOS:000893659600009,
WOS:000652171800001,WOS:000900461100001,
WOS:000652171800001,WOS:000899645200001,
WOS:000652171800001,WOS:000895095600011,
WOS:000652171800001,WOS:000892368200032,
WOS:000652171800001,WOS:000888863200007,3
WOS:000652171800001,WOS:000894702000001,
WOS:000652171800001,WOS:000895347300001,2
WOS:000652171800001,WOS:000888445500006,2
WOS:000652171800001,WOS:000891258900014,
WOS:000652171800001,WOS:000887913700001,1
WOS:000652171800001,WOS:000889385700003,
WOS:000652171800001,WOS:000885543100038,
WOS:000652171800001,WOS:000888197300005,2
WOS:000652171800001,WOS:000889726200001,
WOS:000652171800001,WOS:000887392100001,
WOS:000652171800001,WOS:000885172100070,2
WOS:000652171800001,WOS:000888051400001,
WOS:000652171800001,WOS:000888941600001,
WOS:000652171800001,WOS:000886481800001,
WOS:000652171800001,WOS:000884289600001,1
WOS:000652171800001,WOS:000881574700002,9
WOS:000652171800001,WOS:000881798600001,
WOS:000652171800001,WOS:000883206500001,
WOS:000652171800001,WOS:000882168000001,
WOS:000652171800001,WOS:000883919300001,
WOS:000652171800001,WOS:000883783200002,
WOS:000652171800001,WOS:000880410500014,33
WOS:000652171800001,WOS:000878764600006,
WOS:000652171800001,WOS:000868453400008,
WOS:000652171800001,WOS:000878074700002,
WOS:000652171800001,WOS:000877912000001,
WOS:000652171800001,WOS:000878664300001,6
WOS:000652171800001,WOS:000729468100006,4
WOS:000652171800001,WOS:000873703100001,
WOS:000652171800001,WOS:000874890500006,5
WOS:000652171800001,WOS:000877040700005,1
WOS:000652171800001,WOS:000876540200001,2
WOS:000652171800001,WOS:000877406900001,
WOS:000652171800001,WOS:000874515700003,
WOS:000652171800001,WOS:000875011600001,1
WOS:000652171800001,WOS:000870542000001,
WOS:000652171800001,WOS:000870232200004,
WOS:000652171800001,WOS:000871285900001,
WOS:000652171800001,WOS:000869713100007,
WOS:000652171800001,WOS:000863185600005,1
WOS:000652171800001,WOS:000831180700015,3
WOS:000652171800001,WOS:000869374100002,
WOS:000652171800001,WOS:000867312100009,1
WOS:000652171800001,WOS:000867875800002,11
WOS:000652171800001,WOS:000868401600001,
WOS:000652171800001,WOS:000868720600001,
WOS:000652171800001,WOS:000867811700001,1
WOS:000652171800001,WOS:000868397700001,
WOS:000652171800001,WOS:000864500000011,
WOS:000652171800001,WOS:000866152000020,8
WOS:000652171800001,WOS:000866849300001,
WOS:000652171800001,WOS:000865214200002,
WOS:000652171800001,WOS:000866933500001,
WOS:000652171800001,WOS:000866958000001,1
WOS:000652171800001,WOS:000866028600001,
WOS:000652171800001,WOS:000863475100005,35
WOS:000652171800001,WOS:000864014700001,
WOS:000652171800001,WOS:000864317200005,1
WOS:000652171800001,WOS:000864707200002,1
WOS:000652171800001,WOS:000859598300006,4
WOS:000652171800001,WOS:000862635400001,7
WOS:000652171800001,WOS:000862334700005,2
WOS:000652171800001,WOS:000862575700005,
WOS:000652171800001,WOS:000861054000007,3
WOS:000652171800001,WOS:000861960400001,
WOS:000652171800001,WOS:000859948800022,
WOS:000652171800001,WOS:000860003400001,1
WOS:000652171800001,WOS:000859021700002,16
WOS:000652171800001,WOS:000856759200001,
WOS:000652171800001,WOS:000856881700001,10
WOS:000652171800001,WOS:000835334000006,12
WOS:000652171800001,WOS:000800509800001,7
WOS:000652171800001,WOS:000853458200001,1
WOS:000652171800001,WOS:000852709600001,1
WOS:000652171800001,WOS:000853058700001,1
WOS:000652171800001,WOS:000850526900011,
WOS:000652171800001,WOS:000849835800001,
WOS:000652171800001,WOS:000850016600001,7
WOS:000652171800001,WOS:000849694700001,5
WOS:000652171800001,WOS:000849870600001,2
WOS:000652171800001,WOS:000848491500001,2
WOS:000652171800001,WOS:000846946100008,3
WOS:000652171800001,WOS:000848321400001,1
WOS:000652171800001,WOS:000848338800001,
WOS:000652171800001,WOS:000830679100015,26
WOS:000652171800001,WOS:000844761600006,
WOS:000652171800001,WOS:000844796200004,4
WOS:000652171800001,WOS:000830421600014,67
WOS:000652171800001,WOS:000843988300001,
WOS:000652171800001,WOS:000844886700001,2
WOS:000652171800001,WOS:000844229800010,27
WOS:000652171800001,WOS:000843400300002,14
WOS:000652171800001,WOS:000843212900001,
WOS:000652171800001,WOS:000840662700001,2
WOS:000652171800001,WOS:000840113500001,2
WOS:000652171800001,WOS:000840866200002,5
WOS:000652171800001,WOS:000837676000001,3
WOS:000652171800001,WOS:000834268900001,2
WOS:000652171800001,WOS:000830587200008,56
WOS:000652171800001,WOS:000834278000001,
WOS:000652171800001,WOS:000832629900003,5
WOS:000652171800001,WOS:000826955000003,
WOS:000652171800001,WOS:000834347300005,1
WOS:000652171800001,WOS:000832150200001,2
WOS:000652171800001,WOS:000832071100001,5
WOS:000652171800001,WOS:000828703800007,6
WOS:000652171800001,WOS:000830258800009,4
WOS:000652171800001,WOS:000829331000002,1
WOS:000652171800001,WOS:000829743800001,45
WOS:000652171800001,WOS:000830442100001,
WOS:000652171800001,WOS:000829159000001,
WOS:000652171800001,WOS:000828773300001,1
WOS:000652171800001,WOS:000825352700002,1
WOS:000652171800001,WOS:000827717700013,6
WOS:000652171800001,WOS:000825327600002,1
WOS:000652171800001,WOS:000821510300009,68
WOS:000652171800001,WOS:000826878300001,1
WOS:000652171800001,WOS:000812974000002,3
WOS:000652171800001,WOS:000823566700001,2
WOS:000652171800001,WOS:000821081500009,37
WOS:000652171800001,WOS:000822632700002,25
WOS:000652171800001,WOS:000820185200007,1
WOS:000652171800001,WOS:000821789500001,3
WOS:000652171800001,WOS:000820251300017,24
WOS:000652171800001,WOS:000819468800003,4
WOS:000652171800001,WOS:000820646300001,
WOS:000652171800001,WOS:000819583900001,6
WOS:000652171800001,WOS:000809441100100,4
WOS:000652171800001,WOS:000819913400001,1
WOS:000652171800001,WOS:000813345700010,41
WOS:000652171800001,WOS:000818749400001,2
WOS:000652171800001,WOS:000817460100001,
WOS:000652171800001,WOS:000816499900001,
WOS:000652171800001,WOS:000814739800001,
WOS:000652171800001,WOS:000814529500001,11
WOS:000652171800001,WOS:000811467200002,1
WOS:000652171800001,WOS:000807854600001,
WOS:000652171800001,WOS:000806214900014,2
WOS:000652171800001,WOS:000806214900010,4
WOS:000652171800001,WOS:000807452700019,3
WOS:000652171800001,WOS:000807452700020,1
WOS:000652171800001,WOS:000806208900001,3
WOS:000652171800001,WOS:000805300100001,
WOS:000652171800001,WOS:000805303200001,100
WOS:000652171800001,WOS:000804834700001,3
WOS:000652171800001,WOS:000803932200001,23
WOS:000652171800001,WOS:000804103400001,1
WOS:000652171800001,WOS:000800630800001,7
WOS:000652171800001,WOS:000802498500001,
WOS:000652171800001,WOS:000792480406026,
WOS:000652171800001,WOS:000800978300002,10
WOS:000652171800001,WOS:000800978300001,
WOS:000652171800001,WOS:000802311300001,97
WOS:000652171800001,WOS:000800734100002,1
WOS:000652171800001,WOS:000799938700046,
WOS:000652171800001,WOS:000801082700003,1
WOS:000652171800001,WOS:000800646200003,3
WOS:000652171800001,WOS:000799100300001,1
WOS:000652171800001,WOS:000800045000022,20
WOS:000652171800001,WOS:000797877100001,1
WOS:000652171800001,WOS:000797712200001,4
WOS:000652171800001,WOS:000797147300005,
WOS:000652171800001,WOS:000796316800001,2
WOS:000652171800001,WOS:000795663200006,38
WOS:000652171800001,WOS:000792698000006,6
WOS:000652171800001,WOS:000794933600001,1
WOS:000652171800001,WOS:000796027600001,5
WOS:000652171800001,WOS:000794797100001,2
WOS:000652171800001,WOS:000794172600001,10
WOS:000652171800001,WOS:000792288500002,5
WOS:000652171800001,WOS:000792296100007,1
WOS:000652171800001,WOS:000791355100001,1
WOS:000652171800001,WOS:000790971000002,2
WOS:000652171800001,WOS:000789634900011,
WOS:000652171800001,WOS:000790775900002,1
WOS:000652171800001,WOS:000789830600007,2
WOS:000652171800001,WOS:000790425800001,9
WOS:000652171800001,WOS:000789068500001,1
WOS:000652171800001,WOS:000788857800001,23
WOS:000652171800001,WOS:000787318200006,
WOS:000652171800001,WOS:000784298600001,
WOS:000652171800001,WOS:000783165900051,
WOS:000652171800001,WOS:000777838300007,17
WOS:000652171800001,WOS:000785367900001,1
WOS:000652171800001,WOS:000786015800001,5
WOS:000652171800001,WOS:000783837200001,6
WOS:000652171800001,WOS:000786242800001,2
WOS:000652171800001,WOS:000784729800001,3
WOS:000652171800001,WOS:000713697800013,37
WOS:000652171800001,WOS:000782848700001,
WOS:000652171800001,WOS:000781200200002,
WOS:000652171800001,WOS:000779285100001,2
WOS:000652171800001,WOS:000779023300001,10
WOS:000652171800001,WOS:000777368400001,4
WOS:000652171800001,WOS:000776002200023,5
WOS:000652171800001,WOS:000775935200001,4
WOS:000652171800001,WOS:000777663500001,
WOS:000652171800001,WOS:000775226500004,4
WOS:000652171800001,WOS:000778422500001,6
WOS:000652171800001,WOS:000773909100005,
WOS:000652171800001,WOS:000767550600001,12
WOS:000652171800001,WOS:000772174600001,11
WOS:000652171800001,WOS:000766655000003,22
WOS:000652171800001,WOS:000769885200002,3
WOS:000652171800001,WOS:000769844500001,5
WOS:000652171800001,WOS:000766569000001,10
WOS:000652171800001,WOS:000768864900001,4
WOS:000652171800001,WOS:000768483700002,
WOS:000652171800001,WOS:000770669500001,6
WOS:000652171800001,WOS:000766687600001,49
WOS:000652171800001,WOS:000767351300006,7
WOS:000652171800001,WOS:000769992700001,16
WOS:000652171800001,WOS:000766687900015,1
WOS:000652171800001,WOS:000766783400006,
WOS:000652171800001,WOS:000767346700011,6
WOS:000652171800001,WOS:000767665000001,8
WOS:000652171800001,WOS:000767220200001,5
WOS:000652171800001,WOS:000763211100001,5
WOS:000652171800001,WOS:000761458900002,9
WOS:000652171800001,WOS:000761854600002,7
WOS:000652171800001,WOS:000761961800001,
WOS:000652171800001,WOS:000761513300001,
WOS:000652171800001,WOS:000756897900033,10
WOS:000652171800001,WOS:000753050300006,5
WOS:000652171800001,WOS:000753050300001,1
WOS:000652171800001,WOS:000743311000004,57
WOS:000652171800001,WOS:000755247000022,
WOS:000652171800001,WOS:000757622000001,2
WOS:000652171800001,WOS:000756038800002,14
WOS:000652171800001,WOS:000754548800003,29
WOS:000652171800001,WOS:000744158500005,85
WOS:000652171800001,WOS:000753617500031,25
WOS:000652171800001,WOS:000755681200011,2
WOS:000652171800001,WOS:000754464900001,6
WOS:000652171800001,WOS:000753515500019,69
WOS:000652171800001,WOS:000756890200001,55
WOS:000652171800001,WOS:000750871100025,199
WOS:000652171800001,WOS:000752184200003,293
WOS:000652171800001,WOS:000752054700002,10
WOS:000652171800001,WOS:000750189100009,
WOS:000652171800001,WOS:000746999200002,2
WOS:000652171800001,WOS:000685264900053,43
WOS:000652171800001,WOS:000749438000003,105
WOS:000652171800001,WOS:000742514300034,8
WOS:000652171800001,WOS:000743525200011,38
WOS:000652171800001,WOS:000746190500002,1
WOS:000652171800001,WOS:000744278700001,6
WOS:000652171800001,WOS:000745736000002,6
WOS:000652171800001,WOS:000743145900005,15
WOS:000652171800001,WOS:000742363900002,40
WOS:000652171800001,WOS:000742925900003,5
WOS:000652171800001,WOS:000740895500001,1
WOS:000652171800001,WOS:000740489500001,14
WOS:000652171800001,WOS:000730267700005,39
WOS:000652171800001,WOS:000735573800003,2
WOS:000652171800001,WOS:000735206800012,7
WOS:000652171800001,WOS:000734873700007,11
WOS:000652171800001,WOS:000734821500001,
WOS:000652171800001,WOS:000734711600001,17
WOS:000652171800001,WOS:000731732800011,54
WOS:000652171800001,WOS:000730044000001,17
WOS:000652171800001,WOS:000730332700005,18
WOS:000652171800001,WOS:000729806800018,3
WOS:000652171800001,WOS:000730721800001,2
WOS:000652171800001,WOS:000729858800006,8
WOS:000652171800001,WOS:000730154200009,3
WOS:000652171800001,WOS:000728400900001,
WOS:000652171800001,WOS:000691266400024,605
WOS:000652171800001,WOS:000728515700001,27
WOS:000652171800001,WOS:000725510900003,11
WOS:000652171800001,WOS:000726225500001,4
WOS:000652171800001,WOS:000725544100001,8
WOS:000652171800001,WOS:000725588100001,9
WOS:000652171800001,WOS:000725632200005,17
WOS:000652171800001,WOS:000718060500004,53
WOS:000652171800001,WOS:000724263300001,32
WOS:000652171800001,WOS:000724092700001,4
WOS:000652171800001,WOS:000700007100001,39
WOS:000652171800001,WOS:000721293000002,5
WOS:000652171800001,WOS:000720912600028,1
WOS:000652171800001,WOS:000720833200002,2
WOS:000652171800001,WOS:000720504600006,12
WOS:000652171800001,WOS:000717594900031,30
WOS:000652171800001,WOS:000718986800004,22
WOS:000652171800001,WOS:000717727800001,86
WOS:000652171800001,WOS:000714554400013,23
WOS:000652171800001,WOS:000711835300005,40
WOS:000652171800001,WOS:000714874900001,2
WOS:000652171800001,WOS:000715767600001,8
WOS:000652171800001,WOS:000712462100010,
WOS:000652171800001,WOS:000712561100003,
WOS:000652171800001,WOS:000713303700001,4
WOS:000652171800001,WOS:000711735400001,15
WOS:000652171800001,WOS:000709316000002,
WOS:000652171800001,WOS:000709429200012,17
WOS:000652171800001,WOS:000707431000002,222
WOS:000652171800001,WOS:000703436400001,2
WOS:000652171800001,WOS:000703701500008,11
WOS:000652171800001,WOS:000700783300001,1
WOS:000652171800001,WOS:000703318600001,1
WOS:000652171800001,WOS:000702672900001,
WOS:000652171800001,WOS:000701787000016,84
WOS:000652171800001,WOS:000698520900001,
WOS:000652171800001,WOS:000699376000001,6
WOS:000652171800001,WOS:000699543400001,1
WOS:000652171800001,WOS:000696800900019,1
WOS:000652171800001,WOS:000697315900001,3
WOS:000652171800001,WOS:000698085000001,5
WOS:000652171800001,WOS:000696609700007,50
WOS:000652171800001,WOS:000695653800029,13
WOS:000652171800001,WOS:000695317600002,1
WOS:000652171800001,WOS:000694562300001,22
WOS:000652171800001,WOS:000695230200001,21
WOS:000652171800001,WOS:000694650200001,14
WOS:000652171800001,WOS:000694394200001,1
WOS:000652171800001,WOS:000694931500001,8
WOS:000652171800001,WOS:000691773200038,17
WOS:000652171800001,WOS:000692221700001,25
WOS:000652171800001,WOS:000692493600001,10
WOS:000652171800001,WOS:000691720600025,
WOS:000652171800001,WOS:000690725300003,4
WOS:000652171800001,WOS:000689728100024,61
WOS:000652171800001,WOS:000688508100004,
WOS:000652171800001,WOS:000688828100001,17
WOS:000652171800001,WOS:000689712800024,297
WOS:000652171800001,WOS:000687495500001,3
WOS:000652171800001,WOS:000684841100007,24
WOS:000652171800001,WOS:000684357100001,50
WOS:000652171800001,WOS:000684563400001,1
WOS:000652171800001,WOS:000681391000002,2
WOS:000652171800001,WOS:000683827200002,2
WOS:000652171800001,WOS:000682951000002,6
WOS:000652171800001,WOS:000662105500011,30
WOS:000652171800001,WOS:000680795700004,9
WOS:000652171800001,WOS:000674302200013,74
WOS:000652171800001,WOS:000676355500001,3
WOS:000652171800001,WOS:000675178900001,11
WOS:000652171800001,WOS:000673637800001,55
WOS:000652171800001,WOS:000671168700005,1
WOS:000652171800001,WOS:000668054300001,29
WOS:000652171800001,WOS:000666159300001,4
WOS:000652171800001,WOS:000667454200006,3
WOS:000652171800001,WOS:000664279700001,13
WOS:000652171800001,WOS:000662211900001,13
WOS:000652171800001,WOS:000659507700001,34
WOS:000652171800001,WOS:000655594700003,5
WOS:000652171800001,WOS:000836966000001,
